Transcription factor,Promoter,GENE NAME,Reg_ATP,Tar_ATP,BDeu,BDeu_lower_index,BDeu_upper_index
AT1G36060,AT2G37090,IRX9,3.0,5.0,-83.4364891947,32,45
AT2G23340,AT2G37090,IRX9,3.0,5.0,-101.423303875,156,185
AT4G37260,AT2G37090,IRX9,6.0,5.0,-99.9192274037,126,134
AT3G15210,AT2G37090,IRX9,1.0,5.0,-101.135622172,153,156
AT3G04060,AT2G37090,IRX9,6.0,5.0,-99.9192274037,126,134
AT3G02940,AT2G37090,IRX9,5.0,5.0,-70.8249495892,20,26
AT3G11580,AT2G37090,IRX9,6.0,5.0,-85.2282476454,45,80
AT1G06180,AT2G37090,IRX9,4.0,5.0,-85.2282476454,45,80
AT1G56650,AT2G37090,IRX9,5.0,5.0,-99.3438637218,118,126
