Transcription factor,Promoter,GENE NAME,Reg_ATP,Tar_ATP,BDeu,BDeu_lower_index,BDeu_upper_index
AT1G36060,AT2G37090,IRX9,3.0,5.0,-58.7299686245,2.0,40.0
AT2G23340,AT2G37090,IRX9,3.0,5.0,-58.7299686245,2.0,40.0
AT4G37260,AT2G37090,IRX9,6.0,5.0,,,
AT3G15210,AT2G37090,IRX9,1.0,5.0,-54.2276948499,1.0,2.0
AT3G04060,AT2G37090,IRX9,6.0,5.0,,,
AT3G02940,AT2G37090,IRX9,5.0,5.0,-137.839295149,97.0,99.0
AT3G11580,AT2G37090,IRX9,6.0,5.0,,,
AT1G06180,AT2G37090,IRX9,4.0,5.0,-141.346409845,103.0,104.0
AT1G56650,AT2G37090,IRX9,5.0,5.0,-58.7299686245,2.0,40.0
