Transcription factor,Promoter,GENE NAME,Reg_ATP,Tar_ATP,BDeu,BDeu_lower_index,BDeu_upper_index
AT1G36060,AT2G37090,IRX9,3.0,5.0,-31.4092935756,30,111
AT2G23340,AT2G37090,IRX9,3.0,5.0,-17.6991424222,2,28
AT4G37260,AT2G37090,IRX9,6.0,5.0,-17.6991424222,2,28
AT3G15210,AT2G37090,IRX9,1.0,5.0,-3.29584464377,0,2
AT3G04060,AT2G37090,IRX9,6.0,5.0,-31.4092935756,30,111
AT3G02940,AT2G37090,IRX9,5.0,5.0,-31.4092935756,30,111
AT3G11580,AT2G37090,IRX9,6.0,5.0,-17.6991424222,2,28
AT1G06180,AT2G37090,IRX9,4.0,5.0,-45.119444729,111,184
AT1G56650,AT2G37090,IRX9,5.0,5.0,-17.6991424222,2,28
