Transcription factor,Promoter,GENE NAME,Reg_ATP,Tar_ATP,BDeu,BDeu_lower_index,BDeu_upper_index
AT5G12870,AT4G18780,"ATCESA8,CESA8,IRX1,LEW2",5.0,6.0,-3.29584464377,0,43
AT4G37260,AT4G18780,"ATCESA8,CESA8,IRX1,LEW2",6.0,6.0,-31.4092935756,70,154
AT5G39610,AT4G18780,"ATCESA8,CESA8,IRX1,LEW2",3.0,6.0,-31.4092935756,70,154
AT5G47220,AT4G18780,"ATCESA8,CESA8,IRX1,LEW2",3.0,6.0,-31.4092935756,70,154
AT5G53950,AT4G18780,"ATCESA8,CESA8,IRX1,LEW2",6.0,6.0,-3.29584464377,0,43
AT1G79840,AT4G18780,"ATCESA8,CESA8,IRX1,LEW2",4.0,6.0,-45.119444729,154,172
AT5G13330,AT4G18780,"ATCESA8,CESA8,IRX1,LEW2",6.0,6.0,-58.8295958824,172,196
AT5G25890,AT4G18780,"ATCESA8,CESA8,IRX1,LEW2",5.0,6.0,-31.4092935756,70,154
AT1G56650,AT4G18780,"ATCESA8,CESA8,IRX1,LEW2",5.0,6.0,-31.4092935756,70,154
