Transcription factor,Promoter,GENE NAME,Reg_ATP,Tar_ATP,BDeu,BDeu_lower_index,BDeu_upper_index
AT5G53950,AT5G44030,"CESA4,IRX5,NWS2",6.0,6.0,-31.4092935756,30,111
AT5G47220,AT5G44030,"CESA4,IRX5,NWS2",3.0,6.0,-45.119444729,111,184
AT5G39610,AT5G44030,"CESA4,IRX5,NWS2",3.0,6.0,-45.119444729,111,184
AT5G12870,AT5G44030,"CESA4,IRX5,NWS2",5.0,6.0,-31.4092935756,30,111
AT4G37260,AT5G44030,"CESA4,IRX5,NWS2",6.0,6.0,-17.6991424222,2,28
AT1G75490,AT5G44030,"CESA4,IRX5,NWS2",6.0,6.0,-58.8295958824,184,196
AT1G56650,AT5G44030,"CESA4,IRX5,NWS2",5.0,6.0,-17.6991424222,2,28
