Transcription factor,Promoter,GENE NAME,Reg_ATP,Tar_ATP,BDeu,BDeu_lower_index,BDeu_upper_index
AT5G53950,AT5G44030,"CESA4,IRX5,NWS2",6.0,6.0,-101.423303875,145,177
AT5G47220,AT5G44030,"CESA4,IRX5,NWS2",3.0,6.0,-71.518096492,30,42
AT5G39610,AT5G44030,"CESA4,IRX5,NWS2",3.0,6.0,-71.518096492,30,42
AT5G12870,AT5G44030,"CESA4,IRX5,NWS2",5.0,6.0,-68.1169010178,2,9
AT4G37260,AT5G44030,"CESA4,IRX5,NWS2",6.0,6.0,-85.2282476454,52,87
AT1G75490,AT5G44030,"CESA4,IRX5,NWS2",6.0,6.0,-71.518096492,30,42
AT1G56650,AT5G44030,"CESA4,IRX5,NWS2",5.0,6.0,-98.5329338759,110,118
