Transcription factor,Promoter,GENE NAME,Reg_ATP,Tar_ATP,BDeu,BDeu_lower_index,BDeu_upper_index
AT5G53950,AT5G44030,"CESA4,IRX5,NWS2",6.0,6.0,-48.8454991066,3,84
AT5G47220,AT5G44030,"CESA4,IRX5,NWS2",3.0,6.0,-152.522707357,195,196
AT5G39610,AT5G44030,"CESA4,IRX5,NWS2",3.0,6.0,-79.4304946014,107,109
AT5G12870,AT5G44030,"CESA4,IRX5,NWS2",5.0,6.0,-114.241545104,137,139
AT4G37260,AT5G44030,"CESA4,IRX5,NWS2",6.0,6.0,-48.8454991066,3,84
AT1G75490,AT5G44030,"CESA4,IRX5,NWS2",6.0,6.0,-9.88752214225,0,1
AT1G56650,AT5G44030,"CESA4,IRX5,NWS2",5.0,6.0,-48.8454991066,3,84
