Transcription factor,Promoter,GENE NAME,Reg_ATP,Tar_ATP,BDeu,BDeu_lower_index,BDeu_upper_index
AT5G53950,AT5G44030,"CESA4,IRX5,NWS2",6.0,6.0,-147.743327828,158,164
AT5G47220,AT5G44030,"CESA4,IRX5,NWS2",3.0,6.0,-132.764666148,98,121
AT5G39610,AT5G44030,"CESA4,IRX5,NWS2",3.0,6.0,-132.07151928,81,95
AT5G12870,AT5G44030,"CESA4,IRX5,NWS2",5.0,6.0,-117.380539464,42,52
AT4G37260,AT5G44030,"CESA4,IRX5,NWS2",6.0,6.0,-132.359201144,95,98
AT1G75490,AT5G44030,"CESA4,IRX5,NWS2",6.0,6.0,-101.015583891,5,7
AT1G56650,AT5G44030,"CESA4,IRX5,NWS2",5.0,6.0,-161.335695773,167,172
