Transcription factor,Promoter,GENE NAME,Reg_ATP,Tar_ATP,BDeu,BDeu_lower_index,BDeu_upper_index
AT1G36060,AT2G37090,IRX9,3.0,5.0,-180.317346678,0.0,33.0
AT2G23340,AT2G37090,IRX9,3.0,5.0,-195.973407028,34.0,35.0
AT4G37260,AT2G37090,IRX9,6.0,5.0,,,
AT3G15210,AT2G37090,IRX9,1.0,5.0,-206.63458207,38.0,39.0
AT3G04060,AT2G37090,IRX9,6.0,5.0,,,
AT3G02940,AT2G37090,IRX9,5.0,5.0,-314.109539361,80.0,82.0
AT3G11580,AT2G37090,IRX9,6.0,5.0,,,
AT1G06180,AT2G37090,IRX9,4.0,5.0,-310.945050639,77.0,78.0
AT1G56650,AT2G37090,IRX9,5.0,5.0,-180.317346678,0.0,33.0
