Transcription factor,Promoter,GENE NAME,Reg_ATP,Tar_ATP,BDeu,BDeu_lower_index,BDeu_upper_index
AT5G12870,AT4G18780,"ATCESA8,CESA8,IRX1,LEW2",5.0,6.0,-311.16032762,146,148
AT4G37260,AT4G18780,"ATCESA8,CESA8,IRX1,LEW2",6.0,6.0,-180.317346678,5,67
AT5G39610,AT4G18780,"ATCESA8,CESA8,IRX1,LEW2",3.0,6.0,-285.670706891,121,122
AT5G47220,AT4G18780,"ATCESA8,CESA8,IRX1,LEW2",3.0,6.0,-347.224946861,172,173
AT5G53950,AT4G18780,"ATCESA8,CESA8,IRX1,LEW2",6.0,6.0,-177.386153767,4,5
AT1G79840,AT4G18780,"ATCESA8,CESA8,IRX1,LEW2",4.0,6.0,-290.226060711,127,128
AT5G13330,AT4G18780,"ATCESA8,CESA8,IRX1,LEW2",6.0,6.0,-297.823294473,134,135
AT5G25890,AT4G18780,"ATCESA8,CESA8,IRX1,LEW2",5.0,6.0,-180.317346678,5,67
AT1G56650,AT4G18780,"ATCESA8,CESA8,IRX1,LEW2",5.0,6.0,-180.317346678,5,67
