Transcription factor,Promoter,GENE NAME,Reg_ATP,Tar_ATP,BDeu,BDeu_lower_index,BDeu_upper_index
AT5G53950,AT5G44030,"CESA4,IRX5,NWS2",6.0,6.0,-175.334883708,4,5
AT5G47220,AT5G44030,"CESA4,IRX5,NWS2",3.0,6.0,-344.6346811,171,172
AT5G39610,AT5G44030,"CESA4,IRX5,NWS2",3.0,6.0,-285.8530284,121,122
AT5G12870,AT5G44030,"CESA4,IRX5,NWS2",5.0,6.0,-309.668673232,145,147
AT4G37260,AT5G44030,"CESA4,IRX5,NWS2",6.0,6.0,-178.602548774,5,67
AT1G75490,AT5G44030,"CESA4,IRX5,NWS2",6.0,6.0,-204.216486277,79,80
AT1G56650,AT5G44030,"CESA4,IRX5,NWS2",5.0,6.0,-178.602548774,5,67
