Transcription factor,Promoter,GENE NAME,Reg_ATP,Tar_ATP,BDeu,BDeu_lower_index,BDeu_upper_index
AT5G53950,AT5G44030,"CESA4,IRX5,NWS2",6.0,6.0,-790.531318243,47,48
AT5G47220,AT5G44030,"CESA4,IRX5,NWS2",3.0,6.0,-1004.06441288,154,155
AT5G39610,AT5G44030,"CESA4,IRX5,NWS2",3.0,6.0,-949.483096755,124,125
AT5G12870,AT5G44030,"CESA4,IRX5,NWS2",5.0,6.0,-1004.23431175,155,156
AT4G37260,AT5G44030,"CESA4,IRX5,NWS2",6.0,6.0,-805.73312344,58,73
AT1G75490,AT5G44030,"CESA4,IRX5,NWS2",6.0,6.0,-776.780345239,43,44
AT1G56650,AT5G44030,"CESA4,IRX5,NWS2",5.0,6.0,-776.598023927,6,43
