Transcription factor,Promoter,GENE NAME,Reg_ATP,Tar_ATP,AT3G18660,lower_index,upper_index
AT3G60530,AT3G18660,"GUX1,PGSIP1",4.0,6.0,-0.559387967083,107,108
AT4G37260,AT3G18660,"GUX1,PGSIP1",6.0,6.0,-0.710255711275,42,43
AT1G21910,AT3G18660,"GUX1,PGSIP1",6.0,6.0,-0.582121614999,98,99
