Transcription factor,Promoter,GENE NAME,Reg_ATP,Tar_ATP,AT5G44030,lower_index,upper_index
AT5G53950,AT5G44030,"CESA4,IRX5,NWS2",6.0,6.0,-0.972014002642,0,1
AT5G47220,AT5G44030,"CESA4,IRX5,NWS2",3.0,6.0,-0.5392354367,140,141
AT5G39610,AT5G44030,"CESA4,IRX5,NWS2",3.0,6.0,-0.6814645556,95,96
AT5G12870,AT5G44030,"CESA4,IRX5,NWS2",5.0,6.0,0.731890044071,67,68
AT4G37260,AT5G44030,"CESA4,IRX5,NWS2",6.0,6.0,-0.8001946413,33,34
AT1G75490,AT5G44030,"CESA4,IRX5,NWS2",6.0,6.0,-0.968382456716,1,2
AT1G56650,AT5G44030,"CESA4,IRX5,NWS2",5.0,6.0,-0.745000716757,61,62
