id,t0,t1,t2,t3,t4,t5,t6
AT2G37090,3.56553333333,3.28886666667,2.51296666667,2.67183333333,3.5883,2.22386666667,1.42403333333
