id,t0,t1,t2,t3,t4,t5,t6
AT2G22420,9.94616666667,9.21363333333,10.3998333333,8.5994,6.3911,6.93686666667,6.66056666667
