id,t0,t1,t2,t3,t4,t5,t6
AT5G15630,5.855,5.76363333333,3.9435,3.8044,4.56376666667,3.2506,2.34923333333
