Transcription factor,Promoter,GENE NAME,Reg_ATP,Tar_ATP,BDeu,BDeu_lower_index,BDeu_upper_index
AT1G36060,AT2G37090,IRX9,3.0,5.0,-165.017163621,70,100
AT2G23340,AT2G37090,IRX9,3.0,5.0,-165.710310601,100,117
AT4G37260,AT2G37090,IRX9,6.0,5.0,-179.74896531,118,132
AT3G15210,AT2G37090,IRX9,1.0,5.0,-180.442112291,132,156
AT3G04060,AT2G37090,IRX9,6.0,5.0,-165.017163621,70,100
AT3G02940,AT2G37090,IRX9,5.0,5.0,-150.285361931,47,63
AT3G11580,AT2G37090,IRX9,6.0,5.0,-165.710310601,100,117
AT1G06180,AT2G37090,IRX9,4.0,5.0,-165.017163621,70,100
AT1G56650,AT2G37090,IRX9,5.0,5.0,-165.710310601,100,117
