Transcription factor,Promoter,GENE NAME,Reg_ATP,Tar_ATP,BDeu,BDeu_lower_index,BDeu_upper_index
AT1G36060,AT2G37090,IRX9,3.0,5.0,-123.639984784,3.0,39.0
AT2G23340,AT2G37090,IRX9,3.0,5.0,-123.639984784,3.0,39.0
AT4G37260,AT2G37090,IRX9,6.0,5.0,,,
AT3G15210,AT2G37090,IRX9,1.0,5.0,-120.846194537,0.0,2.0
AT3G04060,AT2G37090,IRX9,6.0,5.0,,,
AT3G02940,AT2G37090,IRX9,5.0,5.0,-213.586706003,74.0,76.0
AT3G11580,AT2G37090,IRX9,6.0,5.0,,,
AT1G06180,AT2G37090,IRX9,4.0,5.0,-223.574855925,85.0,86.0
AT1G56650,AT2G37090,IRX9,5.0,5.0,-123.639984784,3.0,39.0
