Transcription factor,Promoter,GENE NAME,Reg_ATP,Tar_ATP,BDeu,BDeu_lower_index,BDeu_upper_index
AT5G53950,AT5G44030,"CESA4,IRX5,NWS2",6.0,6.0,-179.74896531,122,133
AT5G47220,AT5G44030,"CESA4,IRX5,NWS2",3.0,6.0,-165.017163621,74,103
AT5G39610,AT5G44030,"CESA4,IRX5,NWS2",3.0,6.0,-179.74896531,122,133
AT5G12870,AT5G44030,"CESA4,IRX5,NWS2",5.0,6.0,-135.553560241,21,30
AT4G37260,AT5G44030,"CESA4,IRX5,NWS2",6.0,6.0,-165.017163621,74,103
AT1G75490,AT5G44030,"CESA4,IRX5,NWS2",6.0,6.0,-119.43546459,2,4
AT1G56650,AT5G44030,"CESA4,IRX5,NWS2",5.0,6.0,-180.442112291,133,159
