Transcription factor,Promoter,GENE NAME,Reg_ATP,Tar_ATP,BDeu,BDeu_lower_index,BDeu_upper_index
AT1G36060,AT2G37090,IRX9,3.0,5.0,-37.7460110419,37,40
AT2G23340,AT2G37090,IRX9,3.0,5.0,-40.0537086932,102,121
AT4G37260,AT2G37090,IRX9,6.0,5.0,-40.0537086932,102,121
AT3G15210,AT2G37090,IRX9,1.0,5.0,-40.5645339836,165,168
AT3G04060,AT2G37090,IRX9,6.0,5.0,-38.3954817178,40,52
AT3G02940,AT2G37090,IRX9,5.0,5.0,-35.6228955303,9,12
AT3G11580,AT2G37090,IRX9,6.0,5.0,-37.3475137391,17,28
AT1G06180,AT2G37090,IRX9,4.0,5.0,-38.6002758148,59,66
AT1G56650,AT2G37090,IRX9,5.0,5.0,-39.2064115173,66,74
