Transcription factor,Promoter,GENE NAME,Reg_ATP,Tar_ATP,BDeu,BDeu_lower_index,BDeu_upper_index
AT1G36060,AT2G37090,IRX9,3.0,5.0,-28.9765038992,29,106
AT2G23340,AT2G37090,IRX9,3.0,5.0,-29.6696498297,106,196
AT4G37260,AT2G37090,IRX9,6.0,5.0,-28.9765038992,29,106
AT3G15210,AT2G37090,IRX9,1.0,5.0,-17.6867154855,28,29
AT3G04060,AT2G37090,IRX9,6.0,5.0,-28.9765038992,29,106
AT3G02940,AT2G37090,IRX9,5.0,5.0,-29.6696498297,106,196
AT3G11580,AT2G37090,IRX9,6.0,5.0,-29.6696498297,106,196
AT1G06180,AT2G37090,IRX9,4.0,5.0,-28.9765038992,29,106
AT1G56650,AT2G37090,IRX9,5.0,5.0,-28.9765038992,29,106
