Transcription factor,Promoter,GENE NAME,Reg_ATP,Tar_ATP,BDeu,BDeu_lower_index,BDeu_upper_index
AT5G12870,AT4G18780,"ATCESA8,CESA8,IRX1,LEW2",5.0,6.0,-39.8530380988,98,115
AT4G37260,AT4G18780,"ATCESA8,CESA8,IRX1,LEW2",6.0,6.0,-38.9550972379,56,70
AT5G39610,AT4G18780,"ATCESA8,CESA8,IRX1,LEW2",3.0,6.0,-39.2934225787,70,82
AT5G47220,AT4G18780,"ATCESA8,CESA8,IRX1,LEW2",3.0,6.0,-39.2934225787,70,82
AT5G53950,AT4G18780,"ATCESA8,CESA8,IRX1,LEW2",6.0,6.0,-40.459173593,158,162
AT1G79840,AT4G18780,"ATCESA8,CESA8,IRX1,LEW2",4.0,6.0,-37.2139823912,21,25
AT5G13330,AT4G18780,"ATCESA8,CESA8,IRX1,LEW2",6.0,6.0,-40.2360301667,128,141
AT5G25890,AT4G18780,"ATCESA8,CESA8,IRX1,LEW2",5.0,6.0,-39.5428836111,89,98
AT1G56650,AT4G18780,"ATCESA8,CESA8,IRX1,LEW2",5.0,6.0,-37.4146541314,26,30
