Transcription factor,Promoter,GENE NAME,Reg_ATP,Tar_ATP,BDeu,BDeu_lower_index,BDeu_upper_index
AT5G53950,AT5G44030,"CESA4,IRX5,NWS2",6.0,6.0,-40.1227014992,180,189
AT5G47220,AT5G44030,"CESA4,IRX5,NWS2",3.0,6.0,-37.9071291551,33,42
AT5G39610,AT5G44030,"CESA4,IRX5,NWS2",3.0,6.0,-39.516566005,93,103
AT5G12870,AT5G44030,"CESA4,IRX5,NWS2",5.0,6.0,-36.1153717692,13,23
AT4G37260,AT5G44030,"CESA4,IRX5,NWS2",6.0,6.0,-39.1374187113,82,92
AT1G75490,AT5G44030,"CESA4,IRX5,NWS2",6.0,6.0,-37.9071291551,33,42
AT1G56650,AT5G44030,"CESA4,IRX5,NWS2",5.0,6.0,-39.5428836111,103,110
