Transcription factor,Promoter,GENE NAME,Reg_ATP,Tar_ATP,BDeu,BDeu_lower_index,BDeu_upper_index
AT5G53950,AT5G44030,"CESA4,IRX5,NWS2",6.0,6.0,-15.6718168816,3,20
AT5G47220,AT5G44030,"CESA4,IRX5,NWS2",3.0,6.0,-29.6696498297,106,196
AT5G39610,AT5G44030,"CESA4,IRX5,NWS2",3.0,6.0,-29.6696498297,106,196
AT5G12870,AT5G44030,"CESA4,IRX5,NWS2",5.0,6.0,-28.9765038992,29,106
AT4G37260,AT5G44030,"CESA4,IRX5,NWS2",6.0,6.0,-28.9765038992,29,106
AT1G75490,AT5G44030,"CESA4,IRX5,NWS2",6.0,6.0,-1.38630269443,0,3
AT1G56650,AT5G44030,"CESA4,IRX5,NWS2",5.0,6.0,-28.9765038992,29,106
