Transcription factor,Promoter,GENE NAME,Reg_ATP,Tar_ATP,BDeu,BDeu_lower_index,BDeu_upper_index
AT1G36060,AT2G37090,IRX9,3.0,5.0,-403.612920124,12.0,36.0
AT2G23340,AT2G37090,IRX9,3.0,5.0,-387.44603425,1.0,2.0
AT4G37260,AT2G37090,IRX9,6.0,5.0,,,
AT3G15210,AT2G37090,IRX9,1.0,5.0,-355.769458495,0.0,1.0
AT3G04060,AT2G37090,IRX9,6.0,5.0,,,
AT3G02940,AT2G37090,IRX9,5.0,5.0,-596.020080625,100.0,102.0
AT3G11580,AT2G37090,IRX9,6.0,5.0,,,
AT1G06180,AT2G37090,IRX9,4.0,5.0,-582.873999821,89.0,90.0
AT1G56650,AT2G37090,IRX9,5.0,5.0,-403.612920124,12.0,36.0
